Dwarf_name,Constellation,Distance_of_Dwarf,Mass_of_Dwarf,Radius_of_Dwarf
SDSS J000013.54+255418.6 [de],Pegasus,46.1,48,0.99
2MASS J00040288-6410358,Tucana,192,19,1.63
LHS 102BC,Phoenix,,,
2MASS J00242463-0158201,Pisces,37.7,79,1.09
2MASS J00250365+4759191AB,Cassiopeia,143,,
2MASS J00274197+0503417,Pisces,236,31,1.44
2MASS J00275592+2219328,Andromeda,46.9,,
2MASSW J0030300-145033,Cetus,87.2,54,0.98
2MASS J00332386-1521309 [de],Cetus,131,29,1.43
2MASS J00345157+0523050,Pisces,31,42,0.94
2MASS 0036+1821,Pisces,28.6,42,0.94
2MASSW J0045214+163445,Pisces,57,23,1.62
WISEP J004701.06+680352.1 [fr],Cassiopeia,40,12,1.3
2MASS J00501994-3322402 [de],Sculptor,34,40,0.94
2MASS J00034227-2822410,Sculptor,,,
2MASS J00584253-0651239 [de],Cetus,96,29,1.43
CFBDS J005910.90–011401.3,Cetus,30,23,
2MASSI J0103320+193536,Pisces,70,52,0.98
SDSSp J010752.33+004156.1 [de],Cetus,51,52,0.98
2MASSI J0117474-340325 [de],Sculptor,163,20,1.62
2MASS J01415823-4633574 [de],Phoenix,130,20,1.61
SDSS J015141.69+124429.6,,70,47,0.97
DENIS-P J020529.0−115925A,Cetus,65,,
DENIS-P J020529.0−115925B,Cetus,65,,
DENIS-P J020529.0−115925C,Cetus,65,,
SDSS J020742.48+000056.2 [de],Cetus,111,47,0.97
2MASS J02103857-3015313,,101,15,1.53
2MASS J02340093-6442068,,155,20,1.62
2MASS J02411151-0326587 [de],Cetus,152,27,1.41
2MASS J02431371−2453298,Fornax,35,33,0.99
LP 771-21,,53,78,1.08
2MASS J02511327+0047364,,,,
Teegarden's star,Aries,12.578,80,1.27
2MASS J02535980+3206373,,184,65,1.9
WISE J0254+0223,Cetus,24,65,1.9
DEN 0255-4700,Eridanus,16.2,80,0.97
2MASS J03185403-3421292 [de],Fornax,45,49,0.97
2MASS J03205965+1854233,,47,88,1.15
2MASS J03231002-4631237,,192,23,1.66
SDSS J032553.17+042540.1,,59,45,0.95
2MASS J03264225-2102057 [de],Eridanus,80,18,1.3
2MASS J03284265+2302051 [de],Taurus,98,54,0.98
2MASS J03341218-4953322,,27,73,1.04
LP 944-20,Fornax,20.9,73,1.43
2MASP J0345432+254023,,88,74,1.05
Teide 1,Taurus,380,55,3.78
2MASS J03510004-0052452,,48,102,1.27
2MASS J03552337+1133437,Taurus,29.8,20,1.32
DENIS-P J035726.9-441730 [de],Horologium,130,,
2MASS J04151954−0935066,Eridanus,18.6,30,0.95
SDSSp J042348.57-041403.5 [de],Eridanus,50,,
2MASS J04285096-2253227 [de],Eridanus,85,80,1.09
2MASS J04351612-1606574,,34,100,1.26
2MASS J04362788-4114465,,142,39,1.97
2MASS J04390101-2353083 [de],Eridanus,29.5,48,0.97
2MASS J04414489+2301513,,470,19,
2MASS J04433764+0002040,,82,22,1.78
2MASS J04455387-3048204 [de],Caelum,42,64,1
2MASS J04510093-3402150 [de],Caelum,69,1.04,72
2MASS J05002100+0330501 [de],Orion,44,64,1
2MASS J05012406-0010452 [de],Orion,64,21,1.38
2MASS J05160945-0445499 [de],Orion,73,47,0.97
2MASS J0523−1403,Lepus,40,68,1.01
2MASS 0532+8246,Camelopardalis,81,83,
SDSS J053951.99-005902.0,,41.62,61,1.01
2MASS J05591914-1404488 [de],Lepus,34,,
LSR 0602+3910 [de],Auriga,34.6,28,1.41
2MASS J06085283-2753583,,102,38,1.51
WISEP J061135.13-041024.0A,,69,65,
WISEP J061135.13-041024.0B,,69,53,
2MASS J06244595-4521548 [de],Puppis,39,56,0.99
2MASS J06411840-4322329 [de],Puppis,65,67,1.01
DENIS-P J0652197-253450 [de],Canis Major,51,75,1.05
2MASS J07003664+3157266 [de],Gemini,40,,
2MASS J07075327-4900503,,60,72,1.03
UGPS J072227.51-054031.2,Monoceros,13.4,26,0.98
2MASSI J0727182+171001 [de],Gemini,29.6,41,0.94
2MASS J07290002-3954043 [de],Puppis,25.8,37,0.94
SDSS J074201.41+205520.5 [de],Gemini,49,43,0.94
2MASS J0746425+200032 [fr],Gemini,49.6,,
DENIS-P J0751164-253043 [de],Puppis,55,71,1.03
2MASS J07522390+1612157,,60,2.01,68
DENIS J081730.0-615520,Carina,16.1,44,0.94
DENIS J082303.1−491201A,Vela,67,44,
DENIS J082303.1−491201B,Vela,67,28,
2MASS J08251968+2115521 [de],Cancer,35,52,0.98
SDSSp J083008.12+482847.4 [de],Lynx,43,48,0.99
LHS 2021,,55,88,1.15
SDSS J083048.80+012831.1 [de],Hydra,77,46,0.96
2MASSI J0835425-081923 [de],Hydra,23.53,62,1
2MASSI J0847287-153237 [de],Hydra,43,64,1
2MASS J08533619-0329321,,27.6,77,1.07
2MASSI J0859254-194926 [de],Pyxis,50,50,0.98
2MASSW J0920122+351742 [de],Lynx,95,,
2MASSI J0937347+293142,Leo,20,42,0.94
2MASS 0939−2448,Antlia,17.4,32,0.95
2MASS J09490860-1545485 [de],Hydra,59,49,0.96
2MASS J10073369-4555147,,46,44,0.94
2MASSI J1010148-040649 [de],Sextans,55,51,0.98
2MASSI J1017075+130839 [de],Leo,108,,
SDSS J102109.69-030420.1,,95,,
2MASS J10224821+5825453 [de],Ursa Major,60,27,1.41
2MASSW J1036530-344138 [de],Antlia,53,49,0.97
2MASS J1047538+212423 [de],Leo,34.4,42,0.94
DEN 1048-3956,Antlia,13.15,77,1.07
Luhman 16B,Vela,6.516,43,1.02
Luhman 16A,Vela,6.516,40,1.01
DENIS-P J1058.7−1548,Crater,49,64,1
TWA 28,,180,36,2.39
Cha 110913-773444,Chamaeleon,163,8,1.8
OTS 44,Chamaeleon,554,15,
SDSS J111010.01+011613.1,,63,9,1.24
2MASS J11145133−2618235,Hydra,18.2,33,0.96
TWA 26,,137,30,2.2
2MASSW J1146345+223053,,89,,
2MASS J11544223-3400390 [de],Hydra,129,37,1.5
2MASSW J1155395-372735 [de],Centaurus,31,64,1
TWA 27A,,,,
TWA 27B,,,,
2MASS J12074836-3900043,,217,17,1.71
2MASSI J1217110-031113 [de],Virgo,36,42,0.94
2MASS J12255432-2739466,,43,,
DENIS-P J1228.2-1547,Corvus,66,,
2M 1237+6526,Draco,45.6,41,0.94
2MASSW J1239272+551537 [de],Ursa Major,119,,
TWA 29,,262,2,25
SDSSp J125453.90-012247.4 [de],Virgo,38,47,0.98
Kelu-1A,Hydra,61,63,0.98
Kelu-1B,Hydra,61,58,0.98
2MASS J13204427+0409045,,101,67,1.01
SDSSp J132629.82-003831.5 [de],Virgo,65,51,0.97
SDSSp J134646.45-003150.4 [de],Virgo,48,44,0.94
2MASS J13595510-4034582,,51,63,1
ULAS J141623.94+134836.3,,29.7,32,0.96
SDSS J141659.78+500626.4 [de],Boötes,149,59,0.99
DENIS-P J142527.97-365023.4 [de],Centaurus,38,21,1.32
LHS 2924,Boötes,38.5,76,1.06
2MASS J14392837+1929150,,47,72,1.03
LSPM J1440+1339,,72,92,1.19
2MASS J14482563+1031590 [de],Boötes,47,59,0.99
CFBDSIR 1458+10A,Boötes,104,11.1,1.5
CFBDSIR 1458+10B,Boötes,104,9,1.3
TVLM 513-46546,Boötes,35.1,75,1.05
2MASS 1503+2525,Boötes,20.7,44,0.94
CFBDS J150411+102717,,71,44,0.94
2MASSW J1506544+132106 [de],Boötes,46,69,1.02
2MASS 1507−1627,Libra,23.9,60,0.99
TVLM 868-110639,,53,79,1.08
SDSS J151114.66+060742.9 [de],Serpens,89,,
2MASSW J1515008+484742 [de],Boötes,34,57,0.99
2MASSI J1526140+204341 [de],Serpens,67,54,0.98
DENIS-P J153941.96-052042.4 [de],Libra,51,63,1
2MASS J15462718-3325111 [de],Lupus,37,44,0.94
2MASSW J1552591+294849 [de],Corona Borealis,68,30,1.43
2MASSW J1555157-095605 [de],Libra,44,71,1.03
2MASS J16150413+1340079 [de],Hercules,48,42,0.94
SDSSp J162414.37+002915.6 [de],Serpens,36,43,0.94
2MASS J16262034+3925190 [de],Hercules,110,71,1.03
2MASSW J1632291+190441 [de],Hercules,50,49,0.97
WISEPA J164715.59+563208.2,,28,41,0.94
LSPM J1658+7027 [de],Draco,60,73,1.04
2MASSI J1726000+153819,,114,24,1.4
2MASSW J1728114+394859,,79,,
SDSSp J175032.96+175903.9,,90,47,0.97
2MASS J18283572-4849046,,39,45,0.95
LSR J1835+3259,Lyra,18.5,77,1.07
2MASSW J1841086+311727,,138,67,1.01
2MASS J18432213+4040209,,46,96,1.22
2MASS J20004841-7523070,,105,25,1.88
SDSS J204749.61-071818.3,,65,46,0.96
2MASSI J2057540-025230,,47,70,1.02
2MASSW J2101154+175658,,108,,
2MASSI J2104149-103736,,62,69,1.02
PSO J318.5−22,Capricornus,80,6.5,1.53
HB 2124-4228,,113,94,1.21
2MASS J21392676+0220226,Aquarius,32.1,46,0.96
2MASS J21481628+4003593,,26.3,55,0.99
2MASS J14112131-2119503,,,,
2MASSW J2206450-421721,,93,22,1.33
2MASSW J2208136+292121,,154,27,1.41
2MASSW J2224438-015852,,38,61,0.99
2MASS J22282889-4310262,Grus,35,42,0.94
2MASS J22373255+3922398,,64,73,1.04
2MASSW J2244316+204343,,56,12,1.29
2MASS J23224684-3133231,,56,24,1.39
2MASS J23225299-6151275,,148,17,1.59
2MASS J23515044-2537367,,67,88,1.16
2MASSI J2356547-155310,,74,80,1.09
WISE 0005+3737,Andromeda,23.2,,
WISE 0008-1739,Cetus,87.1,,
WISE 0015-4615,Phoenix,48.6,,
WISE 0031-3840,Sculptor,71.8,,
WISE 0032-4946,Phoenix,62.9,,
WISE 0038+2758,Andromeda,36.9,,
WISE 0038+8405,Cepheus,101.8,,
WISE 0040+0900,Pisces,47.6,,
WISE 0049+0441,Pisces,62.6,,
WISE 0049+2151,Andromeda,24.1,,
WISE 0106+1518,Pisces,142.9,,
WISE 0123+4142,Andromeda,67.2,,
WISE 0135+1715,Pisces,77.3,,
WISE 0138-0322,Cetus,57.7,,
WISE 0146+4234,Andromeda,20.5,,
WISE 0148-7202,Hydrus,30,,
WISE 0150+3827,Andromeda,61.3,,
WISE 0206+2640,Aries,58.4,,
WISE 0221+3842,Andromeda,73.1,,
WISE 0223-2932,Fornax,47,,
WISE 0226-0211,Cetus,91,,
WISE 0241-3653,Fornax,53.8,,
WISE 0245-3450,Fornax,56.1,,
WISE 0247+3725,Perseus,57.1,,
WISE 0305+3954,Perseus,75,,
WISE 0307+2904,Aries,82.8,,
WISE 0313+7807,Cepheus,28,,
WISE 0316+4307,Perseus,106.3,,
WISE 0321-7347,Hydrus,84.8,,
WISE 0323-6025,Reticulum,45.3,,
WISE 0325-3854,Fornax,51.2,,
WISE 0325+0831,Taurus,36.5,,
WISE 0333-5856,Reticulum,54.8,,
WISE 0335+4310,Perseus,45.7,,
WISE 0336-0143,Eridanus,55.4,,
WISE 0350-5658,Reticulum,17.7,,
WISE 0359-5401,Reticulum,19.2,,
WISE 0410+1502,Taurus,20,6,1.17
WISE 0410+1411,Taurus,85.8,,
WISE 0413-4750,Horologium,66.2,,
WISE 0448-1935,Eridanus,69.8,,
WISE 0458+6434A,Camelopardalis,35.9,15,4.2
WISE 0458+6434B,Camelopardalis,35.9,10,3.8
WISE 0500-1223,Eridanus,47,,
WISE 0513+0608,Orion,44.7,,
WISE 0525+6739,Camelopardalis,98.2,,
WISE 0528-3308,Columba,57.4,,
WISE 0535-7500,Mensa,47,,
WISE 0539-1034,Orion,84.8,,
WISE 0542-1628,Lepus,50.6,,
WISE 0607+2429,Gemini,25.4,,
WISE 0611-0410,Monoceros,57.7,,
WISE 0612-4920,Puppis,95.2,,
WISE 0612-3036,Canis Major,64.9,,
WISE 0614+3912,Auriga,50.2,,
WISE 0614+0951,Orion,51.5,,
WISE 0623-0456,Monoceros,37.5,,
WISE 0625+5646,Lynx,67.2,,
WISE 0627-1114,Canis Major,37.2,,
WISE 0647-6232,Pictor,28,,
WISE 0656+4205,Auriga,54.1,,
WISE 0713-2917,Canis Major,23.2,,
WISE 0723+3403,Gemini,45.7,,
WISE 0733+7544,Camelopardalis,78.3,,
WISE 0734-7157,Volans,34.9,,
WISE 0744+5628,Lynx,47.3,,
WISE 0750+2725,Gemini,51.5,,
WISE 0751-7634,Chamaeleon,39.1,,
WISE 0759-4904,Puppis,38.8,,
WISE 0811-8051,Chamaeleon,32,,
WISE 0812+4021,Lynx,63.6,,
WISE 0819-0335,Hydra,46,,
WISE 0821+1443,Ursa Major,68.2,,
WISE 0836-1859,Pyxis,72.4,,
WISE 0857+5604,Ursa Major,42.1,,
WISE 0906+4735,Ursa Major,51.5,,
WISE 0929+0409,Hydra,64.9,,
WISE 0952+1955,Leo,72.1,,
WISE 1018-2445,Hydra,47.6,,
WISE 1019+6529,Ursa Major,56.8,,
WISE 1039-1600,Hydra,47.3,,
WISE 1042-3842,Antlia,53.2,,
WISE 1051-2138,Hydra,40.8,,
WISE 1122+2550,Leo,57.7,,
WISE 1124-0421,Leo,50.6,,
WISE 1147-2040,Hydra,102,,
WISE 1150+6302,Ursa Major,32.9,,
WISE 1217+1626A,Coma Berenices,34.2,12,
WISE 1217+1626B,Coma Berenices,34.2,6,
WISE 1225-1013,Virgo,55.4,,
WISE 1311+0122,Virgo,44.4,,
WISE 1311+3629,Canes Venatici,86.1,,
WISE 1318-1758,Virgo,32.9,,
WISE 1320+6034,Ursa Major,56.1,,
WISE 1322-2340,Hydra,33.9,,
WISE 1348+6603,Draco,91,,
WISE 1405+5534,Ursa Major,25.3,30,0.86
WISE 1433-0837,Libra,84.8,,
WISE 1436-1814,Libra,60,,
WISE 1457+5815,Draco,52.2,,
WISE 1506+7027,Ursa Minor,11.1,,
WISE 1517+0529,Serpens,72.4,,
WISE 1519+7009,Ursa Minor,50.9,,
WISE 1523+3125,Corona Borealis,84.5,,
WISE 1541-2250,Libra,20,,
WISE 1542+2230,Serpens,41.1,,
WISE 1612-3420,Scorpius,55.4,,
WISE 1614+1739,Hercules,32.6,,
WISE 1617+1807,Hercules,50.2,,
WISE 1622-0959,Scorpius,52.2,,
WISE 1627+3255,Hercules,50.2,,
WISE 1639-6847,Triangulum Australe,16.3,,
WISE 1647+5632,Draco,28,,
WISE 1653+4444,Hercules,39.5,,
WISE 1711+3500,Hercules,60.3,,
WISE 1717+6129,Draco,72.7,,
WISE 1721+1117,Ophiuchus,62.3,,
WISE 1728+5716,Draco,97.8,,
WISE 1738+2732,Hercules,20,,
WISE 1741+2553,Hercules,18.9,,
WISE 1746-0338,Ophiuchus,83.8,,
WISE 1800+0134,Ophiuchus,28.7,57,
WISE 1804+3117,Hercules,30,,
WISE 1809+3838,Hercules,74.4,,
WISE 1812+2721,Hercules,47,,
WISE 1828+2650,Lyra,36,,
WISE 1830+4542,Lyra,107,,
WISE 1841+7000,Draco,131.1,,
WISE 1852+3537,Lyra,55.4,,
WISE 1906+4508,Lyra,51.5,,
WISE 1928+2356,Vulpecula,22.8,,
WISE 1952+7240,Draco,44.4,,
WISE 1959-3338,Sagittarius,37.2,,
WISE 2030+0749,Delphinus,34.2,,
WISE 2014+0424,Aquila,96.2,,
WISE 2015+6646,Draco,50.6,,
WISE 2018-7423,Pavo,47.9,,
WISE 2019-1148,Capricornus,42.4,,
WISE 2056+1459,Delphinus,24.5,,
WISE 2134-7137,Indus,42.7,,
WISE 2157+2659,Pegasus,61.6,,
WISE 2209-2734,Piscis Austrinus,46,,
WISE 2213+0911,Pegasus,58.7,,
WISE 2220-3628,Grus,26.4,,
WISE 2226+0440,Pegasus,45,,
WISE 2237-0614,Aquarius,53.5,,
WISE 2237+7228,Cepheus,46,,
WISE 2239+1617,Pegasus,59.7,,
WISE 2255-3118,Piscis Austrinus,44.7,,
WISE 2301+0216,Pisces,60.7,,
WISE 2313-8037,Octans,35.9,,
WISE 2319-1844,Aquarius,52.2,,
WISE 2325-4105,Grus,37.5,,
WISE 2327-2730,Sculptor,70.8,,
WISE 2335+4222,Andromeda,90.3,,
WISE 2340-0745,Aquarius,37.8,,
WISE 2342+0856,Pegasus,51.2,,
WISE 2343-7418,Octans,48.6,,
WISE 2344+1034,Pegasus,46,,
WISE 2348-1028,Aquarius,54.1,,
WISE 2357+1227,Pegasus,54.8,,
WISE 2359-7335,Tucana,42.7,,
WISEA 1101+5400,Ursa Major,111,,
2M1510,Libra,120,40 + 39 + ?,
